username,password
rlynch,Z1zLtIh(&K
juliarivera,v3RRQH+p%I
juliebaker,CR4Hh*t#p)
christophernewman,JjQA9KqwD^
rhondathompson,(r%DfqK5k4
swood,n0x+xpJc(Q
belljason,$3WrBd#F6t
jacquelinepatrick,y(49Sp6XLt
kelseygarcia,(aj3YTn3H@
jimenezdavid,#2N%@tLudv
nelsonstephanie,Sb1VsLWK(o
nathan44,n0z9exLiU(
moorejade,&495+OgTM6
allisonfields,C7GGHXlx_r
ann79,SWdsM6gpE_
jvaughn,_V1x&RqmyL
markstevens,+2H1DMXoWV
william00,(aG6Pbt5Lx
djohnson,gN9!TbZt5*
travis60,Lcu6M8!xg@
rojasmichelle,^A4Zhwrysk
teresa31,2ud1E2Oo$2
dturner,)CL1!COw94
ssmith,edlF5kY7^3
jasonking,X@4cGXBw_9
kelly22,8wRkOzyi#8
marthadaniels,^2GhVEhkPD
amy86,J(5EjSKnA%
david84,+254AUz)S+
bryanrice,ks6o@vOq+1
mario15,#sjByjud*0
williamrogers,7hLYohbT_q
njohnson,#8JhkbFmNL
lauren26,!t6Yefj+oq
shortshannon,#P#23HGoD%
joyyoung,+1oJetdG%z
sarah60,@3t0Iv()j3
mjohnson,+N4YUMsVYH
kimberly87,$MDVd#Wx8u
shannon01,Z_Y2OYd+Mm
cynthia77,Ek06AQJbv)
clove,E+w8HPOvhb
jeffreymartin,5NIncGYf*3
brian16,gx&q5Sl^!m
smithshawn,@l7We92%&S
khale,@#s1uAaw^)
shelby49,H!1YmFXm*Z
mark92,5+qYrRBn#H
jennifer38,4d3uwNz$#(
alecprice,^5Jc3ul((0
samanthafields,K$1TZn&3S8
ryan29,+(WNZ#DaX5
rodriguezdebbie,)0J6TZ5U^f
trevinojason,b(89IMvDTr
holly14,cZq86KpzI*
vstewart,+um1Lv)fG@
jessereyes,#9AYOd(nHy
nholmes,#&qLmfaCx8
randerson,3iL9VKRg#R
cfrank,2l#eNU0c@N
crawfordrachael,$aILuTsAA6
brendadavis,U0JfqLgu_8
daniel22,5e(a3XXtt1
careyalicia,15IMKSah&$
davidhenson,!HE6mPvy1H
myersmichelle,N1&$v8hz)j
uellis,(dPP$MySl4
bmclean,8sRa@fO*#3
ross42,tQ6P0NSq)%
joseporter,DKbO0oufv!
valerie62,@7ZMo#4w@%
ojohnson,73DCfr^t@5
perrykathryn,!37wlvRkBi
bwall,Nd05N2Cf(K
christopherdawson,T!e2S0oy$O
scott73,&fQjk$*T69
lynchjames,&2Au79+qm9
sandrastevens,0*9U@tPkyV
deborahforbes,ZDC8Kmc9_4
melindamanning,b3omE5Qr^d
kristibarnes,35U(tzrv!2
benderisabel,#E9QIXzysd
melindaking,*E(AQg_z6j
lisa13,r5eYPPsu%c
jmorse,L8*QQF5X$g
staceyhernandez,)#K4Rd9k1z
julia31,^9KNccu^U0
hernandezlouis,D$dL2LoA_V
xthomas,)y296Fua*!
ray19,wF_n0Brco%
hflynn,^6N7EcWjKv
johnsonbrianna,!V9oGh7nLW
rebekah87,(5ILxCcG(0
lindaadams,vO)F0SEgV7
petersonstephanie,o3Ge3aaE%_
tnelson,2Y5SX$vT^K
huertanatalie,hl%O1Nn0T3
wadams,)@3O3*Hp!Q
joshua72,vzUkR3jf^3
leepaula,@3_UAtG614
OM,uk44vl77
OM1,uk44vl77
